Arthur_Moreira, Elisio_Moreira@gmail.com, (59) 95226-8131, Sat Oct 11 2003 05:07:43 GMT-0300 (Horário Padrão de Brasília)
Esther_Barros94, Marcelo_Martins50@hotmail.com, (22) 2049-3964, Thu May 20 1943 17:27:14 GMT-0300 (Horário Padrão de Brasília)
Silvia.Macedo, Deneval45@live.com, (51) 31088-0825, Wed Apr 13 2005 06:26:37 GMT-0300 (Horário Padrão de Brasília)
Benicio_Silva, Roberta31@live.com, (21) 41909-2170, Wed Apr 22 1992 14:50:16 GMT-0300 (Horário Padrão de Brasília)
Maite_Braga, Aline5@gmail.com, (94) 3376-7547, Mon Nov 13 1961 17:18:03 GMT-0300 (Horário Padrão de Brasília)
JoaoPedro_Oliveira72, Aline51@live.com, +55 (50) 0463-7771, Fri Oct 26 2001 20:50:03 GMT-0200 (Horário de Verão de Brasília)
Maite_Oliveira, Livia8@gmail.com, (63) 52101-2739, Fri Sep 09 1977 10:22:56 GMT-0300 (Horário Padrão de Brasília)
Isaac54, Livia59@hotmail.com, (43) 30219-3043, Sat May 09 1964 09:52:24 GMT-0300 (Horário Padrão de Brasília)
Cesar.Macedo68, JulioCesar_Martins@yahoo.com, +55 (42) 0032-6873, Wed Apr 10 1968 02:28:13 GMT-0300 (Horário Padrão de Brasília)
Laura24, Ofelia48@hotmail.com, +55 (69) 0528-1775, Thu Oct 05 1944 07:44:08 GMT-0300 (Horário Padrão de Brasília)
Benicio.Saraiva32, Bernardo32@live.com, (10) 15603-1176, Mon Jul 09 1973 21:28:03 GMT-0300 (Horário Padrão de Brasília)
MariaCecilia80, Yago.Moreira@hotmail.com, (60) 60299-3561, Fri Aug 30 1957 13:07:38 GMT-0300 (Horário Padrão de Brasília)
Alicia.Souza78, Warley.Silva@live.com, (04) 47197-5405, Wed Jun 08 1977 00:29:12 GMT-0300 (Horário Padrão de Brasília)
Cecilia_Albuquerque, Beatriz_Xavier57@yahoo.com, +55 (14) 5717-2232, Sun Sep 16 1945 21:53:36 GMT-0300 (Horário Padrão de Brasília)
Eloa44, Alexandre_Albuquerque@bol.com.br, (40) 1573-5739, Fri Jan 11 1952 15:56:58 GMT-0200 (Horário de Verão de Brasília)
Joao.Moreira65, Yago_Macedo@bol.com.br, (80) 05718-3763, Tue Feb 05 1980 10:51:17 GMT-0300 (Horário Padrão de Brasília)
PedroHenrique.Moraes, Isabela21@bol.com.br, +55 (62) 7792-0489, Thu Feb 26 1959 08:04:32 GMT-0300 (Horário Padrão de Brasília)
Isabela64, Mariana_Souza19@hotmail.com, (65) 27995-4435, Sat Aug 30 1969 09:48:12 GMT-0300 (Horário Padrão de Brasília)
Liz7, JoaoMiguel_Moreira96@hotmail.com, (50) 60024-0913, Wed Oct 24 1962 21:30:17 GMT-0300 (Horário Padrão de Brasília)
Washington.Silva, Livia_Silva@hotmail.com, +55 (84) 8467-6213, Thu Nov 17 1983 11:05:23 GMT-0300 (Horário Padrão de Brasília)
Isadora69, Cesar_Oliveira87@hotmail.com, (03) 9157-6396, Sat Apr 09 1949 21:36:34 GMT-0300 (Horário Padrão de Brasília)
Bryan.Santos, Bernardo.Batista@bol.com.br, (81) 7954-8955, Fri Sep 26 1947 11:47:32 GMT-0300 (Horário Padrão de Brasília)
Guilherme_Albuquerque, Lorraine_Costa@yahoo.com, +55 (23) 0571-8241, Tue Jan 01 1985 14:03:22 GMT-0300 (Horário Padrão de Brasília)
Carla51, Melissa.Albuquerque@yahoo.com, (66) 4999-4814, Mon Jan 14 1985 21:17:20 GMT-0300 (Horário Padrão de Brasília)
Feliciano7, Marli4@live.com, (73) 98639-1483, Sat Oct 07 1978 05:47:40 GMT-0300 (Horário Padrão de Brasília)
Aline88, Joana_Melo@hotmail.com, +55 (53) 9433-6752, Fri Apr 22 1960 20:46:49 GMT-0300 (Horário Padrão de Brasília)
Melissa15, JulioCesar39@gmail.com, +55 (20) 6867-2786, Wed Jul 05 1989 21:49:51 GMT-0300 (Horário Padrão de Brasília)
Alicia.Moreira43, Roberta_Carvalho45@bol.com.br, (26) 23983-4606, Fri Oct 20 1995 03:10:51 GMT-0200 (Horário de Verão de Brasília)
Lara.Nogueira11, Hugo.Franco38@yahoo.com, (42) 05976-9418, Thu Jun 10 1948 12:01:57 GMT-0300 (Horário Padrão de Brasília)
Suelen56, Gubio_Reis35@hotmail.com, (02) 48254-4064, Sat Feb 21 1959 07:33:31 GMT-0300 (Horário de Verão de Brasília)
Carla.Souza63, MariaAlice.Moraes@gmail.com, +55 (38) 3879-4714, Mon Jul 18 1949 14:50:56 GMT-0300 (Horário Padrão de Brasília)
Gubio.Saraiva, Deneval.Reis@live.com, +55 (54) 9324-7470, Fri Apr 16 1993 06:30:46 GMT-0300 (Horário Padrão de Brasília)
Henrique72, JoaoPedro_Batista92@hotmail.com, (90) 04089-4701, Sun Jun 26 1988 22:56:16 GMT-0300 (Horário Padrão de Brasília)
Manuela.Costa51, Breno.Braga@live.com, (58) 39326-9105, Fri Oct 31 2003 18:25:36 GMT-0200 (Horário de Verão de Brasília)
Julio.Reis72, Murilo19@yahoo.com, +55 (22) 7098-2418, Sat Sep 01 1979 19:44:47 GMT-0300 (Horário Padrão de Brasília)
Lorena77, Paulo.Costa83@yahoo.com, (40) 3950-2890, Tue Feb 20 1973 07:21:08 GMT-0300 (Horário Padrão de Brasília)
Eloa5, JoaoPedro80@hotmail.com, +55 (74) 5109-0359, Fri Jan 26 1962 20:17:08 GMT-0300 (Horário Padrão de Brasília)
Bruna.Carvalho82, Felipe84@live.com, (75) 68429-9082, Mon Sep 20 1943 22:01:42 GMT-0300 (Horário Padrão de Brasília)
Isabela.Martins44, Liz_Carvalho@live.com, +55 (87) 8812-7989, Sat Mar 25 1995 16:07:42 GMT-0300 (Horário Padrão de Brasília)
Elisa_Costa85, Heitor23@live.com, +55 (12) 4961-1069, Mon Jan 23 1967 05:14:30 GMT-0200 (Horário Padrão de Brasília)
Victor_Saraiva, Gustavo_Macedo82@bol.com.br, (12) 9426-4693, Thu Sep 03 1987 10:37:40 GMT-0300 (Horário Padrão de Brasília)
Lavinia9, Fabiano.Saraiva@hotmail.com, (20) 68405-8383, Wed Nov 16 1994 22:16:39 GMT-0200 (Horário de Verão de Brasília)
Isabela.Costa, Bernardo.Braga14@gmail.com, (09) 4518-2885, Sun Mar 01 1959 17:09:53 GMT-0300 (Horário Padrão de Brasília)
Carlos50, Antonella36@live.com, (89) 5884-7792, Sat Mar 07 1959 16:03:12 GMT-0300 (Horário Padrão de Brasília)
Rafaela_Nogueira26, Joana.Moreira@yahoo.com, (30) 2956-8999, Mon Mar 11 1991 15:19:10 GMT-0300 (Horário Padrão de Brasília)
Alice.Pereira, Hugo_Moreira@yahoo.com, (95) 81816-2633, Tue May 12 1953 18:36:04 GMT-0300 (Horário Padrão de Brasília)
Enzo.Oliveira90, Isabella91@bol.com.br, (29) 4039-2794, Fri Aug 25 1950 13:21:34 GMT-0300 (Horário Padrão de Brasília)
Carlos_Barros51, MariaCecilia.Souza@hotmail.com, +55 (79) 2895-0868, Mon Jul 29 1974 16:51:23 GMT-0300 (Horário Padrão de Brasília)
Emanuelly_Costa13, Paula_Saraiva10@bol.com.br, (95) 97676-8677, Tue Oct 27 1992 03:28:24 GMT-0200 (Horário de Verão de Brasília)
Theo.Nogueira, Gael_Moraes@hotmail.com, (13) 1605-7452, Mon Apr 13 1953 23:22:22 GMT-0300 (Horário Padrão de Brasília)
Talita.Barros, Marcos.Barros74@live.com, +55 (48) 8494-8386, Fri Apr 24 1959 11:36:18 GMT-0300 (Horário Padrão de Brasília)
Fabricia_Moraes70, Mariana_Moreira@hotmail.com, +55 (09) 2084-1912, Wed Jul 29 1998 04:14:58 GMT-0300 (Horário Padrão de Brasília)
Karla_Pereira, Lorenzo3@hotmail.com, (26) 3911-8905, Thu Oct 08 1970 06:37:14 GMT-0300 (Horário Padrão de Brasília)
Janaina67, Ricardo_Moreira@bol.com.br, (58) 6401-3767, Sat May 09 1970 10:31:21 GMT-0300 (Horário Padrão de Brasília)
Aline49, Marcela_Braga@yahoo.com, (34) 7278-6620, Tue May 25 1976 06:22:04 GMT-0300 (Horário Padrão de Brasília)
Isaac46, Gubio86@gmail.com, +55 (22) 9217-8426, Sat Apr 07 1973 08:54:17 GMT-0300 (Horário Padrão de Brasília)
Silas_Braga, Valentina.Melo86@hotmail.com, (89) 99709-0712, Wed Nov 26 1947 14:35:18 GMT-0300 (Horário Padrão de Brasília)
Caua_Pereira63, Kleber_Franco66@live.com, +55 (29) 3365-3267, Wed Aug 06 1980 21:32:30 GMT-0300 (Horário Padrão de Brasília)
Laura15, Meire47@gmail.com, (18) 2623-1834, Tue Sep 24 1985 10:20:23 GMT-0300 (Horário Padrão de Brasília)
Murilo.Macedo30, Yuri11@gmail.com, (34) 2024-9323, Tue Jul 30 1996 06:51:18 GMT-0300 (Horário Padrão de Brasília)
Isadora.Nogueira23, Liz.Santos69@live.com, (84) 96626-5825, Tue Jun 26 1990 10:55:17 GMT-0300 (Horário Padrão de Brasília)
Nicolas_Silva85, Maite50@live.com, (67) 2272-4051, Sat Dec 03 1983 08:35:28 GMT-0300 (Horário Padrão de Brasília)
EnzoGabriel47, Aline.Franco36@live.com, (49) 9766-9076, Fri Mar 21 1947 03:41:58 GMT-0300 (Horário Padrão de Brasília)
Alice85, Bruna.Batista@hotmail.com, (49) 2503-5329, Wed Mar 25 1959 11:21:36 GMT-0300 (Horário Padrão de Brasília)
JoaoPedro.Melo4, Heloisa_Barros90@gmail.com, +55 (30) 0971-3498, Thu Jul 16 1959 04:39:16 GMT-0300 (Horário Padrão de Brasília)
Celia_Martins, Rebeca.Carvalho53@live.com, (84) 80085-0587, Mon Dec 26 1983 02:23:32 GMT-0300 (Horário Padrão de Brasília)
Ladislau_Melo5, Paulo.Souza@yahoo.com, (16) 61187-6289, Sat Sep 03 1949 18:13:13 GMT-0300 (Horário Padrão de Brasília)
Dalila14, Bryan38@gmail.com, (32) 6059-6830, Mon Apr 24 1972 07:40:41 GMT-0300 (Horário Padrão de Brasília)
Pablo36, Paulo_Xavier@hotmail.com, (34) 11391-7892, Mon Jul 12 1976 22:04:21 GMT-0300 (Horário Padrão de Brasília)
Murilo_Xavier, Carlos92@yahoo.com, +55 (75) 1201-4061, Fri Apr 06 1945 11:05:06 GMT-0300 (Horário Padrão de Brasília)
Rafaela.Carvalho, Lucas.Nogueira69@gmail.com, (54) 46484-8732, Thu May 29 1947 11:42:45 GMT-0300 (Horário Padrão de Brasília)
Gustavo30, Carla_Albuquerque91@hotmail.com, (51) 07854-0884, Wed Feb 10 1965 20:52:37 GMT-0200 (Horário Padrão de Brasília)
Laura.Nogueira, JulioCesar.Carvalho@gmail.com, (72) 0906-8624, Mon Sep 02 1957 22:35:38 GMT-0300 (Horário Padrão de Brasília)
Roberto_Silva58, JoaoPedro89@hotmail.com, +55 (76) 5264-9076, Tue Aug 06 1963 06:04:42 GMT-0300 (Horário Padrão de Brasília)
MariaCecilia_Melo, Eloa_Souza@live.com, (24) 27616-8383, Wed Jan 02 1952 05:12:32 GMT-0200 (Horário de Verão de Brasília)
Warley60, Marli.Pereira67@live.com, (10) 3725-2044, Thu Apr 22 1999 05:59:21 GMT-0300 (Horário Padrão de Brasília)
MariaAlice_Martins, Vitoria.Braga18@hotmail.com, (32) 16363-0902, Mon Jul 05 2004 22:37:12 GMT-0300 (Horário Padrão de Brasília)
Liz.Pereira76, Roberto48@hotmail.com, (67) 7367-1586, Sun Mar 13 2005 11:22:36 GMT-0300 (Horário Padrão de Brasília)
Talita.Carvalho, Valentina_Franco@hotmail.com, (21) 06023-9342, Thu Jul 17 1958 23:15:28 GMT-0300 (Horário Padrão de Brasília)
Victor_Souza, Cecilia46@live.com, (51) 8953-8399, Sat Dec 10 1955 15:52:54 GMT-0300 (Horário de Verão de Brasília)
Eduardo_Pereira, Beatriz_Nogueira@yahoo.com, +55 (91) 4500-2272, Mon Feb 25 1946 04:45:11 GMT-0300 (Horário Padrão de Brasília)
Helio.Saraiva73, Rafael_Barros17@yahoo.com, (92) 78894-1560, Sun May 05 2002 09:55:42 GMT-0300 (Horário Padrão de Brasília)
Tertuliano_Oliveira57, Eduardo.Braga74@live.com, (73) 9227-1734, Sun Dec 20 1992 15:24:13 GMT-0200 (Horário de Verão de Brasília)
Emanuel4, Felix.Costa@hotmail.com, (01) 87562-1797, Mon Mar 17 1952 01:46:02 GMT-0200 (Horário Padrão de Brasília)
Samuel71, Bruna.Batista@hotmail.com, (83) 67893-0445, Tue Mar 03 1998 13:08:38 GMT-0300 (Horário Padrão de Brasília)
Carla12, Sarah.Reis@yahoo.com, (35) 7933-4495, Sat Mar 12 1966 17:50:19 GMT-0300 (Horário Padrão de Brasília)
Rafael66, Lara7@yahoo.com, +55 (58) 0475-0157, Fri Mar 05 1993 11:21:52 GMT-0300 (Horário Padrão de Brasília)
MariaAlice_Nogueira27, Danilo_Silva61@yahoo.com, (28) 0087-3143, Thu Oct 02 1947 11:14:58 GMT-0300 (Horário Padrão de Brasília)
Laura.Oliveira0, Pietro85@yahoo.com, +55 (18) 5979-9510, Fri Sep 12 1969 04:55:16 GMT-0300 (Horário Padrão de Brasília)
Marcos84, Fabio_Santos@gmail.com, (15) 75528-3610, Mon Feb 15 1943 23:35:42 GMT-0300 (Horário Padrão de Brasília)
Washington_Carvalho69, Frederico.Melo@hotmail.com, (69) 84068-8284, Thu Dec 11 1975 04:51:18 GMT-0300 (Horário Padrão de Brasília)
Noah_Batista41, Igor.Silva29@live.com, (14) 72315-4377, Wed Jan 05 1955 12:41:05 GMT-0300 (Horário de Verão de Brasília)
Kleber.Nogueira54, Julia_Reis75@live.com, (07) 6054-3785, Sun Sep 15 1968 22:14:30 GMT-0300 (Horário Padrão de Brasília)
Fabricio20, Antonella.Costa68@gmail.com, (13) 8107-4588, Thu Aug 24 1978 14:21:05 GMT-0300 (Horário Padrão de Brasília)
Ricardo.Reis, Melissa50@yahoo.com, (16) 51965-7291, Tue Sep 04 1973 16:25:08 GMT-0300 (Horário Padrão de Brasília)
Sarah0, MariaJulia.Martins0@bol.com.br, +55 (71) 6783-4357, Tue Dec 15 1970 15:24:00 GMT-0300 (Horário Padrão de Brasília)
Deneval68, Miguel_Braga21@gmail.com, (71) 13537-2332, Wed Sep 21 1966 09:29:10 GMT-0300 (Horário Padrão de Brasília)
Carlos.Xavier, MariaClara.Barros@yahoo.com, (85) 9385-6181, Fri May 02 1980 11:46:14 GMT-0300 (Horário Padrão de Brasília)
Fabiano_Souza, Norberto63@gmail.com, (28) 4206-3102, Sat Oct 21 1967 02:08:27 GMT-0300 (Horário Padrão de Brasília)
AnaLuiza_Oliveira29, JoaoLucas_Batista@gmail.com, +55 (51) 9472-1381, Sun Mar 02 1958 23:35:53 GMT-0300 (Horário Padrão de Brasília)
